ID,Title,Permalink
1085,大雪の影響による荷物のお届け遅延について,https://www.wifi-tokyo-rentalshop.com/info/delivery-delay-2018_1_22/
1359,大雪の影響で、日本海側の一部地域で発生している配達の遅れ・荷受け中止について,https://www.wifi-tokyo-rentalshop.com/info/delivery-delay-2018_2_6/
1654,お友達紹介キャンペーン,https://www.wifi-tokyo-rentalshop.com/info/friend-introduction/
2194,WiFiレンタル、クレジットカードでのお申込み方法,https://www.wifi-tokyo-rentalshop.com/info/application-method/
2308,WiFiレンタル、銀行振込でのお申込み方法,https://www.wifi-tokyo-rentalshop.com/info/bank-transfer/
2394,WiFiレンタル、空港郵便局での受取りについて,https://www.wifi-tokyo-rentalshop.com/info/receipt-at-airport-post-office/
2446,WiFiレンタル、延長お申込み方法,https://www.wifi-tokyo-rentalshop.com/info/extension-application-method/
2509,WiFiレンタル、宅配サービスカウンターでの受取りについて,https://www.wifi-tokyo-rentalshop.com/?p=2509
2622,WiFiレンタルの会員登録と安心補償オプション,https://www.wifi-tokyo-rentalshop.com/info/membership-registration/
2690,"Ymobile 502HWのアドバンスモードについて",https://www.wifi-tokyo-rentalshop.com/howto/about-advance-mode/
2745,"Ymobile 502HWの標準モードについて",https://www.wifi-tokyo-rentalshop.com/howto/about-hyouzyun-mode/
2824,ポケットWiFiの電波が繋がらない場合について,https://www.wifi-tokyo-rentalshop.com/howto/pocket-wifi-radio-wave-can-not-connect/
2898,ポケットWiFiの充電が出来ない場合について,https://www.wifi-tokyo-rentalshop.com/howto/if-the-charge-can-not-be/
2960,ポケットWiFiの発熱について,https://www.wifi-tokyo-rentalshop.com/howto/the-heat-generation-of-the-pocket-wifi/
3057,ポケットWiFi、店頭でのお受け取りについて,https://www.wifi-tokyo-rentalshop.com/?p=3057
3136,ポケットWiFiの通信規格、2.4Ghzと5Ghzについて,https://www.wifi-tokyo-rentalshop.com/howto/pocket-wifi-communication-standard-about-2-4ghz-and-5ghz/
3246,ポケットWiFiのレンタルと購入の違いを料金と利用期間から比較！,https://www.wifi-tokyo-rentalshop.com/compare/charge-and-period-of-use/
3330,"Youtubeを視聴した際のデータ通信量は？| 検証して目安の時間を計算！",https://www.wifi-tokyo-rentalshop.com/howto/watch-youtube-with-pocket-wifi/
3416,"テザリングとポケットWiFiどっちがお得? | 速度制限と料金から比較",https://www.wifi-tokyo-rentalshop.com/compare/sumatofon-no-tezaringu-to-poketto-waifai-no-i-hikaku-ni-tsuite-about-comparison-of-smartphone-tethering-and-pocket-wifi/
3566,"スマホに役立つポケットWiFi | 3つの便利な使い方！",https://www.wifi-tokyo-rentalshop.com/howto/three-convenient-uses-of-pocket-wifi/
3710,最近お問い合わせいただいた質問について①,https://www.wifi-tokyo-rentalshop.com/info/about-recently-asked-questions%e2%91%a0/
4027,"Netflixを視聴した際のデータ通信量は？| 目安の時間を計算！",https://www.wifi-tokyo-rentalshop.com/howto/about-data-traffic-volume-when-viewing-netflix/
4260,"ポケットWiFiと光回線どっちがお得？| メリット・デメリットから比較！",https://www.wifi-tokyo-rentalshop.com/compare/pocket-wifi-and-light-line/
4363,今までにいただいたお礼の手紙やメッセージ,https://www.wifi-tokyo-rentalshop.com/info/about-the-letter-and-the-message-of-the-reward-which-i-have-been-in-the-present/
4890,2019年ゴールデンウィーク期間中の営業のご案内,https://www.wifi-tokyo-rentalshop.com/info/2019_gw/
5019,WiFiレンタル“1日/1週/15日/1ヶ月”料金と対応エリアのおすすめ店舗比較,https://www.wifi-tokyo-rentalshop.com/recommend/rental-period/
5447,現金払いができるWiFiレンタル店舗5選｜料金と受取方法、注意点を解説,https://www.wifi-tokyo-rentalshop.com/recommend/cash-payment/
5508,羽田空港でレンタルできる国内用おすすめWi-Fi店舗｜一時帰国に無料で借りる方法,https://www.wifi-tokyo-rentalshop.com/recommend/haneda-airport/
5703,成田空港でレンタルできる国内用おすすめWi-Fi店舗｜一時帰国に無料で借りる方法,https://www.wifi-tokyo-rentalshop.com/recommend/narita-airport/
5798,"大容量で使える? | おすすめWiFiレンタルを特徴と料金から4選比較",https://www.wifi-tokyo-rentalshop.com/recommend/unlimited/
5997,"【Wi-Fi 1週間レンタル】急な旅行や引っ越しで利用したい東京のWiFiレンタル店おすすめ5選",https://www.wifi-tokyo-rentalshop.com/recommend/one-week-rental/
6551,ポケットWiFiレンタル国内おすすめサービスの2週間料金を5社徹底比較！,https://www.wifi-tokyo-rentalshop.com/recommend/two-week-rental/
6648,"クラウドSIMとは? | 新技術の仕組みとメリット・デメリット、対応端末を解説",https://www.wifi-tokyo-rentalshop.com/cloud-wifi/cloud-sim/
7091,WiMAXには速度制限が存在する？具体的な仕組みと回避方法などを紹介！,https://www.wifi-tokyo-rentalshop.com/?p=7091
7093,ポケットWi-Fiとは？仕組みやメリット・デメリットを詳しく解説！,https://www.wifi-tokyo-rentalshop.com/?p=7093
7094,クラウドWi-Fiのメリット5つ！次世代型の通信技術を利用した端末を解説,https://www.wifi-tokyo-rentalshop.com/cloud-wifi/merit/
7095,クラウドWi-Fiのデメリット３つ！次世代型の通信技術を利用した端末を解説,https://www.wifi-tokyo-rentalshop.com/cloud-wifi/demerit/
7099,最安のポケットWi-Fiはこれだ！おすすめ機種の端末代金+月額料金はいくら？,https://www.wifi-tokyo-rentalshop.com/cloud-wifi/cheapest/
7558,最新！WiMAXの乗り換え方法＆通信速度と料金の6つメリットを徹底検証,https://www.wifi-tokyo-rentalshop.com/info/wimax-norikae/
7711,比較して分かったおすすめのポケットWiFiは？｜その仕組みやメリット・デメリットを詳しく解説！,https://www.wifi-tokyo-rentalshop.com/?p=7711
7770,クラウドWi-Fiルーターとは？｜クラウドSIMを搭載した新たなポケットWiFi端末について解説,https://www.wifi-tokyo-rentalshop.com/?p=7770
7784,【クラウドWiFi】どんなサービス？端末にはどんな機種があるの？,https://www.wifi-tokyo-rentalshop.com/?p=7784
7851,クラウドWiFiルーターとポケットWiFiの違い｜仕組みや特徴、メリット・デメリットを比較,https://www.wifi-tokyo-rentalshop.com/?p=7851
7944,【WiMAX解約方法】WiMAXを止めたいと思ったとき迷わないために,https://www.wifi-tokyo-rentalshop.com/?p=7944
8294,Wi-Fi全社解約マニュアル！注意点とオススメのサービス紹介！,https://www.wifi-tokyo-rentalshop.com/?p=8294
8441,クラウドWi-Fiとはどんな端末？特徴と取り扱い事業者を解説！,https://www.wifi-tokyo-rentalshop.com/?p=8441
31956,現金払い　リライト（【2021年9月版】現金払いができるWiFiレンタル店舗5選｜料金と受取方法、注意点を解説）,https://www.wifi-tokyo-rentalshop.com/?p=31956
44664,クラウドSIMって何？メリット・デメリットを徹底解説｜2022年1月最新版,https://www.wifi-tokyo-rentalshop.com/cloud-wifi/cloudsim/
44865,"クラウドSIMとは? | 新技術の仕組みとメリット・デメリット、対応端末を解説",https://www.wifi-tokyo-rentalshop.com/?p=44865
45024,"話題の5GWiFi Mobile Galaxy「SCR01」口コミから分かるスペックを調査！クラウドWiFiとの違いは？",https://www.wifi-tokyo-rentalshop.com/compare/scr01/
45082,【徹底比較2022年】クラウドWi-Fiおすすめ5選！料金/縛り/違約金/速度制限,https://www.wifi-tokyo-rentalshop.com/cloud-wifi/cloud-wifi-recommend/
45142,通信会社トップが厳選！おすすめクラウドSIMを徹底比較｜2022年2月最新版！,https://www.wifi-tokyo-rentalshop.com/cloud-wifi/cloudsim-recommend/
45374,"話題の5GWiFi Mobile Galaxy「SCR01」口コミから分かるスペックを調査！クラウドWiFiとの違いは？",https://www.wifi-tokyo-rentalshop.com/?p=45374
45378,月100GB使える最安ポケット型WiFiはどこ？通信事業トップが徹底調査！,https://www.wifi-tokyo-rentalshop.com/cloud-wifi/100gb/
45480,【乗り換え先・違約金は？】クラウドWiFi解約について｜絶対に損をしない方法をプロ目線で全て解説！,https://www.wifi-tokyo-rentalshop.com/cloud-wifi/kaiyaku/
